screen_id,screen,suggested_key,english_text,notes
1.1,Welcome · every creator has a universe,s1_1.cue_studio,CUE STUDIO,"SF Mono label, uppercase"
1.1,Welcome · every creator has a universe,s1_1.every_creator_has_a_universe,Every creator has a universe to share.,"theme copy: keep the metaphor, translate naturally"
1.1,Welcome · every creator has a universe,s1_1.write_it_say_it_on,"Write it, say it on camera, and send it further. Script, teleprompter, captions and edit in one place.",
1.1,Welcome · every creator has a universe,s1_1.teleprompter,TELEPROMPTER,"SF Mono label, uppercase"
1.1,Welcome · every creator has a universe,s1_1.auto_captions,AUTO CAPTIONS,"SF Mono label, uppercase"
1.1,Welcome · every creator has a universe,s1_1.ai_scripts,✦ AI SCRIPTS,"SF Mono label, uppercase"
1.1,Welcome · every creator has a universe,s1_1.get_started,Get started,
1.1,Welcome · every creator has a universe,s1_1.i_already_use_cue,I already use Cue,
1.2,Your universe · topics become worlds,s1_2.skip,Skip,
1.2,Your universe · topics become worlds,s1_2.chapter_1_your_universe,CHAPTER 1 · YOUR UNIVERSE,"theme copy: keep the metaphor, translate naturally; SF Mono label, uppercase"
1.2,Your universe · topics become worlds,s1_2.this_is_your_universe,This is your universe.,"theme copy: keep the metaphor, translate naturally"
1.2,Your universe · topics become worlds,s1_2.pick_what_you_talk_about,Pick what you talk about. Each topic becomes a world around you.,"theme copy: keep the metaphor, translate naturally"
1.2,Your universe · topics become worlds,s1_2.you,YOU,
1.2,Your universe · topics become worlds,s1_2.budget_travel,BUDGET TRAVEL,"theme copy: keep the metaphor, translate naturally; SF Mono label, uppercase"
1.2,Your universe · topics become worlds,s1_2.2_of_3_tap_to,2 OF 3 · TAP TO ADD ONE MORE 3 OF 3 · TAP TO CHANGE,"SF Mono label, uppercase"
1.2,Your universe · topics become worlds,s1_2.morning_routines,Morning routines,
1.2,Your universe · topics become worlds,s1_2.personal_finance,Personal finance,
1.2,Your universe · topics become worlds,s1_2.budget_travel,Budget travel,"theme copy: keep the metaphor, translate naturally"
1.2,Your universe · topics become worlds,s1_2.fitness,Fitness,
1.2,Your universe · topics become worlds,s1_2.food_cooking,Food & cooking,
1.2,Your universe · topics become worlds,s1_2.productivity,Productivity,
1.2,Your universe · topics become worlds,s1_2.your_own,+ Your own,
1.2,Your universe · topics become worlds,s1_2.continue,Continue,
1.3,Your first voyage · pick a galaxy,s1_3.skip,Skip,
1.3,Your first voyage · pick a galaxy,s1_3.chapter_2_your_first_voyage,CHAPTER 2 · YOUR FIRST VOYAGE,"theme copy: keep the metaphor, translate naturally; SF Mono label, uppercase"
1.3,Your first voyage · pick a galaxy,s1_3.every_video_is_a_voyage,Every video is a voyage.,"theme copy: keep the metaphor, translate naturally"
1.3,Your first voyage · pick a galaxy,s1_3.where_is_your_first_one,"Where is your first one headed? Cue sets the format, length and safe zones for that galaxy.","theme copy: keep the metaphor, translate naturally"
1.3,Your first voyage · pick a galaxy,s1_3.tiktok,TIKTOK,"SF Mono label, uppercase"
1.3,Your first voyage · pick a galaxy,s1_3.reels,REELS,"SF Mono label, uppercase"
1.3,Your first voyage · pick a galaxy,s1_3.shorts,SHORTS,"SF Mono label, uppercase"
1.3,Your first voyage · pick a galaxy,s1_3.youtube,YOUTUBE,"SF Mono label, uppercase"
1.3,Your first voyage · pick a galaxy,s1_3.you,YOU,
1.3,Your first voyage · pick a galaxy,s1_3.tiktok,TikTok,
1.3,Your first voyage · pick a galaxy,s1_3.reels,Reels,
1.3,Your first voyage · pick a galaxy,s1_3.shorts,Shorts,
1.3,Your first voyage · pick a galaxy,s1_3.youtube,YouTube,
1.3,Your first voyage · pick a galaxy,s1_3.linkedin,LinkedIn,
1.3,Your first voyage · pick a galaxy,s1_3.916_ideal_100130_safe_zones,9:16 · IDEAL 1:00–1:30 · SAFE ZONES ON,"SF Mono label, uppercase"
1.3,Your first voyage · pick a galaxy,s1_3.choose_a_galaxy_head_to,Choose a galaxy Head to TikTok,"theme copy: keep the metaphor, translate naturally"
1.4,"Your first script, in your voice",s1_4.skip,Skip,
1.4,"Your first script, in your voice",s1_4.chapter_3_your_first_script,CHAPTER 3 · YOUR FIRST SCRIPT,"SF Mono label, uppercase"
1.4,"Your first script, in your voice",s1_4.your_first_script_in_your,"Your first script, in your voice.",
1.4,"Your first script, in your voice",s1_4.a_short_one_to_try,A short one to try the teleprompter. You can change every word.,
1.4,"Your first script, in your voice",s1_4.writing_for_tiktok_ready_for,✦ WRITING FOR TIKTOK ✦ READY FOR TIKTOK · 15S Morning routines,
1.4,"Your first script, in your voice",s1_4.hook,HOOK,"SF Mono label, uppercase"
1.4,"Your first script, in your voice",s1_4.okay_real_talk,"Okay, real talk.",
1.4,"Your first script, in your voice",s1_4.body,BODY,"SF Mono label, uppercase"
1.4,"Your first script, in your voice",s1_4.no_phone_for_the_first,No phone for the first,
1.4,"Your first script, in your voice",s1_4.twenty_minutes,twenty minutes.,
1.4,"Your first script, in your voice",s1_4.thats_the_whole_trick,That's the whole trick.,
1.4,"Your first script, in your voice",s1_4.cta,CTA,
1.4,"Your first script, in your voice",s1_4.try_it_tomorrow_tell_me,Try it tomorrow. Tell me.,
1.4,"Your first script, in your voice",s1_4.written_on_this_iphone_nothing,Written on this iPhone. Nothing leaves it.,
1.4,"Your first script, in your voice",s1_4.another,Another,
1.4,"Your first script, in your voice",s1_4.use_this_script,Use this script,
1.4,"Your first script, in your voice",s1_4.ill_write_my_own,I'll write my own,
1.5,Give it a voice · permissions in the story,s1_5.chapter_4_give_it_a,CHAPTER 4 · GIVE IT A VOICE,"SF Mono label, uppercase"
1.5,Give it a voice · permissions in the story,s1_5.your_script_is_ready_now,Your script is ready. Now it needs you.,
1.5,Give it a voice · permissions in the story,s1_5.cue_listens_so_the_text,"Cue listens so the text can follow your voice, and uses the camera so you can see your framing. Everything stays on this iPhone.",
1.5,Give it a voice · permissions in the story,s1_5.microphone,Microphone,
1.5,Give it a voice · permissions in the story,s1_5.so_the_text_follows_your,So the text follows your voice,
1.5,Give it a voice · permissions in the story,s1_5.allowed,✓ Allowed,
1.5,Give it a voice · permissions in the story,s1_5.camera,Camera,
1.5,Give it a voice · permissions in the story,s1_5.so_you_can_see_yourself,So you can see yourself while you read,
1.5,Give it a voice · permissions in the story,s1_5.next_allowed,Next ✓ Allowed,
1.5,Give it a voice · permissions in the story,s1_5.you_can_change_this_anytime,You can change this anytime in Settings. Cue never records until you tap Record.,
1.5,Give it a voice · permissions in the story,s1_5.continue,Continue,
1.5,Give it a voice · permissions in the story,s1_5.ios_system_prompt,iOS SYSTEM PROMPT,
1.5,Give it a voice · permissions in the story,s1_5.cue_studio_would_like_to,“Cue Studio” Would Like to Access the Camera,
1.5,Give it a voice · permissions in the story,s1_5.so_you_can_see_your,So you can see your framing while you read your script.,
1.5,Give it a voice · permissions in the story,s1_5.dont_allow,Don’t Allow,
1.5,Give it a voice · permissions in the story,s1_5.allow,Allow,
1.6,Practice run · record or not,s1_6.practice_not_recording,✦ PRACTICE · NOT RECORDING,"SF Mono label, uppercase"
1.6,Practice run · record or not,s1_6.okay_real_talk,"Okay, real talk.",
1.6,Practice run · record or not,s1_6.no_phone_for_the_first,No phone for the first,
1.6,Practice run · record or not,s1_6.twenty_minutes,twenty minutes.,
1.6,Practice run · record or not,s1_6.thats_the_whole_trick,That's the whole trick.,
1.6,Practice run · record or not,s1_6.try_it_tomorrow_tell_me,Try it tomorrow. Tell me.,
1.6,Practice run · record or not,s1_6.read_it_out_loud,Read it out loud.,
1.6,Practice run · record or not,s1_6.speed_up_slow_down_pause,"Speed up, slow down, pause. The text follows you.",
1.6,Practice run · record or not,s1_6.record_it_for_real,Record it for real,
1.6,Practice run · record or not,s1_6.not_now_take_me_to,Not now — take me to my studio,
1.7,Your first star,s1_7.first_take_today,FIRST TAKE · TODAY,"SF Mono label, uppercase"
1.7,Your first star,s1_7.saved,✓ SAVED,"SF Mono label, uppercase"
1.7,Your first star,s1_7.chapter_5_first_star,CHAPTER 5 · FIRST STAR,"theme copy: keep the metaphor, translate naturally; SF Mono label, uppercase"
1.7,Your first star,s1_7.your_universe_has_its_first,Your universe has its first star.,"theme copy: keep the metaphor, translate naturally"
1.7,Your first star,s1_7.your_take_is_saved_in,"Your take is saved in Takes, ready to edit and share. Every video you share adds another.",
1.7,Your first star,s1_7.go_to_my_studio,Go to my studio,
1.7,Your first star,s1_7.edit_this_take_first,Edit this take first,
2.1,My Cue Voice · creator type,s2_1.not_now,Not now,
2.1,My Cue Voice · creator type,s2_1.my_cue_voice,✦ MY CUE VOICE,"SF Mono label, uppercase"
2.1,My Cue Voice · creator type,s2_1.what_kind_of_creator_are,What kind of creator are you?,
2.1,My Cue Voice · creator type,s2_1.pick_the_closest_change_it,Pick the closest. Change it anytime.,
2.1,My Cue Voice · creator type,s2_1.lifestyle_personal_routine_style_opinions,"Lifestyle & personal Routine, style, opinions, vlogs",
2.1,My Cue Voice · creator type,s2_1.entertainer_comedy_sketches_music_reacts,"Entertainer Comedy, sketches, music, reacts",
2.1,My Cue Voice · creator type,s2_1.expert_coach_or_pro_trainer,"Expert, coach or pro Trainer, doctor, lawyer, consultant",
2.1,My Cue Voice · creator type,s2_1.teacher_or_explainer_classes_study,"Teacher or explainer Classes, study, how things work",
2.1,My Cue Voice · creator type,s2_1.my_own_business_shop_salon,"My own business Shop, salon, studio, service",
2.1,My Cue Voice · creator type,s2_1.content_for_brands_ugc_reviews,"Content for brands UGC, reviews, social media manager",
2.1,My Cue Voice · creator type,s2_1.news_commentary_report_analyze_review,"News & commentary Report, analyze, review, react",
2.1,My Cue Voice · creator type,s2_1.community_or_cause_faith_nonprofit,"Community or cause Faith, nonprofit, activism, politics",
2.1,My Cue Voice · creator type,s2_1.doing_more_than_one_pick,Doing more than one? Pick the one you film most.,
2.1,My Cue Voice · creator type,s2_1.continue,Continue,
2.2,My Cue Voice · topics = your colors,s2_2.not_now,Not now,
2.2,My Cue Voice · topics = your colors,s2_2.what_do_you_talk_about,What do you talk about?,
2.2,My Cue Voice · topics = your colors,s2_2.up_to_3_each_one,Up to 3. Each one becomes a color in your universe.,"theme copy: keep the metaphor, translate naturally"
2.2,My Cue Voice · topics = your colors,s2_2.morning_routines,Morning routines,
2.2,My Cue Voice · topics = your colors,s2_2.personal_finance,Personal finance,
2.2,My Cue Voice · topics = your colors,s2_2.budget_travel,Budget travel,"theme copy: keep the metaphor, translate naturally"
2.2,My Cue Voice · topics = your colors,s2_2.suggested_from_your_scripts,Suggested from your scripts,
2.2,My Cue Voice · topics = your colors,s2_2.budget_travel2,Budget travel2,
2.2,My Cue Voice · topics = your colors,s2_2.productivity,Productivity,
2.2,My Cue Voice · topics = your colors,s2_2.day_in_my_life,Day in my life,
2.2,My Cue Voice · topics = your colors,s2_2.food_cooking,Food & cooking,
2.2,My Cue Voice · topics = your colors,s2_2.health_wellness,Health & wellness,
2.2,My Cue Voice · topics = your colors,s2_2.career_growth,Career & growth,
2.2,My Cue Voice · topics = your colors,s2_2.fashion_style,Fashion & style,
2.2,My Cue Voice · topics = your colors,s2_2.budget_travel_more_specific_optional,Budget travel · more specific (optional),"theme copy: keep the metaphor, translate naturally"
2.2,My Cue Voice · topics = your colors,s2_2.weekend_trips_travel_hacks_backpacking,Weekend trips Travel hacks Backpacking Points & miles Solo travel,"theme copy: keep the metaphor, translate naturally"
2.2,My Cue Voice · topics = your colors,s2_2.3_of_3_picked,3 OF 3 PICKED,"SF Mono label, uppercase"
2.2,My Cue Voice · topics = your colors,s2_2.continue,Continue,
2.2,My Cue Voice · topics = your colors,s2_2.a11y_search_topics,Search topics,VoiceOver label
2.3,My Cue Voice · audience,s2_3.not_now,Not now,
2.3,My Cue Voice · audience,s2_3.whos_watching,Who's watching?,
2.3,My Cue Voice · audience,s2_3.the_other_worlds_your_videos,The other worlds your videos reach. Pick the closest.,"theme copy: keep the metaphor, translate naturally"
2.3,My Cue Voice · audience,s2_3.people_my_age_figuring_life,People my age figuring life out,
2.3,My Cue Voice · audience,s2_3.people_who_want_the_short,People who want the short version,
2.3,My Cue Voice · audience,s2_3.beginners_curious_about_money,Beginners curious about money,
2.3,My Cue Voice · audience,s2_3.or_describe_them_in_your,Or describe them in your words,
2.3,My Cue Voice · audience,s2_3.why_do_they_watch_you,Why do they watch you?,
2.3,My Cue Voice · audience,s2_3.up_to_2_shapes_the,Up to 2 · shapes the hook and the payoff,
2.3,My Cue Voice · audience,s2_3.learn_something_get_inspired_solve,Learn something Get inspired Solve a problem Have a laugh Feel understood,
2.3,My Cue Voice · audience,s2_3.how_much_do_they_know,How much do they know about it?,
2.3,My Cue Voice · audience,s2_3.new_to_it,New to it,
2.3,My Cue Voice · audience,s2_3.some,Some,
2.3,My Cue Voice · audience,s2_3.a_lot,A lot,
2.3,My Cue Voice · audience,s2_3.cue_explains_terms_and_keeps,Cue explains terms and keeps steps simple.,
2.3,My Cue Voice · audience,s2_3.continue,Continue,
2.4,My Cue Voice · tone,s2_4.not_now,Not now,
2.4,My Cue Voice · tone,s2_4.how_do_you_talk_on,How do you talk on camera?,
2.4,My Cue Voice · tone,s2_4.up_to_2_cue_writes,Up to 2. Cue writes the way you speak.,
2.4,My Cue Voice · tone,s2_4.conversational_most_common_so_heres,Conversational · most common “So here's the thing…”,
2.4,My Cue Voice · tone,s2_4.straight_to_the_point_three,Straight to the point “Three steps. No fluff.”,
2.4,My Cue Voice · tone,s2_4.warm_calm_lets_slow_down,Warm & calm “Let's slow down for a second.”,
2.4,My Cue Voice · tone,s2_4.energetic_okay_quick_one_today,"Energetic “Okay, quick one today…”",
2.4,My Cue Voice · tone,s2_4.playful_my_alarm_and_i,Playful “My alarm and I are not friends.”,
2.4,My Cue Voice · tone,s2_4.add_a_voice_example_the,Add a voice example The biggest upgrade · talk for 20 seconds,
2.4,My Cue Voice · tone,s2_4.write_my_script,✦ Write my script,
2.4,My Cue Voice · tone,s2_4.just_save_my_voice,Just save my voice,
2.5,Does this sound like you?,s2_5.your_first_script_tiktok_45s,✦ YOUR FIRST SCRIPT · TIKTOK · ~45S,"SF Mono label, uppercase"
2.5,Does this sound like you?,s2_5.does_this_sound_like_you,Does this sound like you?,
2.5,Does this sound like you?,s2_5.a_generic_ai_would_say,A GENERIC AI WOULD SAY,"SF Mono label, uppercase"
2.5,Does this sound like you?,s2_5.mornings_can_be_challenging_but,"Mornings can be challenging, but there are good habits that can help you start the day.",
2.5,Does this sound like you?,s2_5.in_your_voice,✦ IN YOUR VOICE,"SF Mono label, uppercase"
2.5,Does this sound like you?,s2_5.hook,HOOK,"SF Mono label, uppercase"
2.5,Does this sound like you?,s2_5.okay_real_talk_i_used,"Okay, real talk. I used to hit snooze four times. Then I tried this.",
2.5,Does this sound like you?,s2_5.body,BODY,"SF Mono label, uppercase"
2.5,Does this sound like you?,s2_5.no_phone_for_twenty_minutes,No phone for twenty minutes. Water before coffee. One thing that would make today a win. That's it.,
2.5,Does this sound like you?,s2_5.cta,CTA,
2.5,Does this sound like you?,s2_5.save_this_for_tomorrow_morning,Save this for tomorrow morning.,
2.5,Does this sound like you?,s2_5.says_i_conversational_for_beginners,says “I” conversational for beginners morning routines,
2.5,Does this sound like you?,s2_5.written_on_this_iphone_with,Written on this iPhone with Apple Intelligence. Nothing leaves your device.,
2.5,Does this sound like you?,s2_5.adjust,Adjust,
2.5,Does this sound like you?,s2_5.sounds_like_me,Sounds like me,
3.1,"Scripts, first visit",s3_1.scripts,Scripts,
3.1,"Scripts, first visit",s3_1.no_scripts_yet,NO SCRIPTS YET,"SF Mono label, uppercase"
3.1,"Scripts, first visit",s3_1.lets_cue,LET'S CUE!,"SF Mono label, uppercase"
3.1,"Scripts, first visit",s3_1.type_or_say_an_idea,Type or say an idea…,
3.1,"Scripts, first visit",s3_1.for_tiktok,For TikTok,
3.1,"Scripts, first visit",s3_1.my_cue_voice,✦ My Cue Voice,
3.1,"Scripts, first visit",s3_1.takes,Takes,
3.1,"Scripts, first visit",s3_1.record,Record,
3.1,"Scripts, first visit",s3_1.profile,Profile,
3.1,"Scripts, first visit",s3_1.settings,Settings,
3.1,"Scripts, first visit",s3_1.a11y_new_script,New script,VoiceOver label
3.1,"Scripts, first visit",s3_1.a11y_dictate_an_idea,Dictate an idea,VoiceOver label
3.2,Scripts,s3_2.scripts,Scripts,
3.2,Scripts,s3_2.14_scripts_3_ready_to,14 SCRIPTS · 3 READY TO RECORD,"SF Mono label, uppercase"
3.2,Scripts,s3_2.all14,All14,
3.2,Scripts,s3_2.tiktok7,TikTok7,
3.2,Scripts,s3_2.reels4,Reels4,
3.2,Scripts,s3_2.shorts3,Shorts3,
3.2,Scripts,s3_2.lets_cue,LET'S CUE!,"SF Mono label, uppercase"
3.2,Scripts,s3_2.a_weekday_budget_tip_under,"a weekday budget tip, under a minute",
3.2,Scripts,s3_2.for_tiktok,For TikTok,
3.2,Scripts,s3_2.my_cue_voice,✦ My Cue Voice,
3.2,Scripts,s3_2.takes,Takes,
3.2,Scripts,s3_2.record,Record,
3.2,Scripts,s3_2.profile,Profile,
3.2,Scripts,s3_2.settings,Settings,
3.2,Scripts,s3_2.a11y_new_script,New script,VoiceOver label
3.2,Scripts,s3_2.a11y_write_it,Write it,VoiceOver label
3.3,Need an idea?,s3_3.scripts,Scripts,
3.3,Need an idea?,s3_3.from_your_topics,✦ FROM YOUR TOPICS,"SF Mono label, uppercase"
3.3,Need an idea?,s3_3.need_an_idea,Need an idea?,
3.3,Need an idea?,s3_3.morning_routines,Morning routines,
3.3,Need an idea?,s3_3.personal_finance,Personal finance,
3.3,Need an idea?,s3_3.budget_travel,Budget travel,"theme copy: keep the metaphor, translate naturally"
3.3,Need an idea?,s3_3.the_5minute_reset_before_work,The 5-minute reset before work,
3.3,Need an idea?,s3_3.list_40s_hookfirst,LIST · ~40S · HOOK-FIRST,"SF Mono label, uppercase"
3.3,Need an idea?,s3_3.what_i_stopped_doing_at,What I stopped doing at 7am,
3.3,Need an idea?,s3_3.story_50s,STORY · ~50S,"SF Mono label, uppercase"
3.3,Need an idea?,s3_3.my_morning_routine_but_honest,"My morning routine, but honest",
3.3,Need an idea?,s3_3.day_in_my_life_60s,DAY IN MY LIFE · ~60S,"SF Mono label, uppercase"
3.3,Need an idea?,s3_3.3_habits_i_tried_for,3 habits I tried for 30 days,
3.3,Need an idea?,s3_3.experiment_55s_series,EXPERIMENT · ~55S · SERIES,"SF Mono label, uppercase"
3.3,Need an idea?,s3_3.the_alarm_trick_nobody_talks,The alarm trick nobody talks about,
3.3,Need an idea?,s3_3.hookfirst_30s,HOOK-FIRST · ~30S,"SF Mono label, uppercase"
3.3,Need an idea?,s3_3.more_ideas,More ideas,
3.3,Need an idea?,s3_3.tap_an_idea_to_edit,"Tap an idea to edit it first, or ↑ to write it now.",
3.3,Need an idea?,s3_3.a11y_close,Close,VoiceOver label
3.4,Create for (platform),s3_4.3_habits_that_fixed_my,3 habits that fixed my mornings,
3.4,Create for (platform),s3_4.create_for,Create for,
3.4,Create for (platform),s3_4.cue_sets_the_frame_safe,"Cue sets the frame, safe zones, teleprompter and length goal for each galaxy. Fine-tune anytime.","theme copy: keep the metaphor, translate naturally"
3.4,Create for (platform),s3_4.tiktok,TikTok,
3.4,Create for (platform),s3_4.916_1080p30_safe_zones_ideal,9:16 · 1080P30 · SAFE ZONES · IDEAL 1:00–1:30,"SF Mono label, uppercase"
3.4,Create for (platform),s3_4.instagram_reels,Instagram Reels,
3.4,Create for (platform),s3_4.916_1080p30_safe_zones_ideal,9:16 · 1080P30 · SAFE ZONES · IDEAL 0:15–1:30,"SF Mono label, uppercase"
3.4,Create for (platform),s3_4.youtube_shorts,YouTube Shorts,
3.4,Create for (platform),s3_4.916_1080p60_safe_zones_ideal,9:16 · 1080P60 · SAFE ZONES · IDEAL 0:30–1:00,"SF Mono label, uppercase"
3.4,Create for (platform),s3_4.youtube_longform,YouTube · long-form,
3.4,Create for (platform),s3_4.169_4k24_ideal_8001500,16:9 · 4K24 · IDEAL 8:00–15:00,"SF Mono label, uppercase"
3.4,Create for (platform),s3_4.linkedin,LinkedIn,
3.4,Create for (platform),s3_4.45_1080p30_safe_zones_ideal,4:5 · 1080P30 · SAFE ZONES · IDEAL 0:30–1:30,"SF Mono label, uppercase"
3.4,Create for (platform),s3_4.instagram_stories,Instagram Stories,
3.4,Create for (platform),s3_4.916_1080p30_safe_zones_ideal,9:16 · 1080P30 · SAFE ZONES · IDEAL 0:08–0:15,"SF Mono label, uppercase"
3.4,Create for (platform),s3_4.monetization_goals,Monetization goals,
3.4,Create for (platform),s3_4.aim_for_lengths_that_earn,"Aim for lengths that earn: TikTok 1:00+, YouTube 8:00+ for mid-roll ads",
3.4,Create for (platform),s3_4.platform_rules_change_presets_update,Platform rules change — presets update automatically.,
3.4,Create for (platform),s3_4.a11y_close,Close,VoiceOver label
3.5,Start a video (+),s3_5.scripts,Scripts,
3.5,Start a video (+),s3_5.start_a_video,Start a video,
3.5,Start a video (+),s3_5.let_cue_write_it_say,Let Cue write it Say or type an idea · in your voice,
3.5,Start a video (+),s3_5.write_it_myself_start_with,Write it myself Start with your own words,
3.5,Start a video (+),s3_5.import_text_scan_photo_file,"Import text Scan, photo, file or paste",
3.5,Start a video (+),s3_5.answer_a_commentnew_turn_a,Answer a commentNEW Turn a question from your audience into a script,
3.5,Start a video (+),s3_5.record_without_a_script,Record without a script,
3.5,Start a video (+),s3_5.a11y_close,Close,VoiceOver label
3.6,Logbook,s3_6.scripts,Scripts,
3.6,Logbook,s3_6.logbook,Logbook,
3.6,Logbook,s3_6.catch_it_now_shape_it,Catch it now. Shape it later.,
3.6,Logbook,s3_6.done,Done,
3.6,Logbook,s3_6.hold_to_capture_an_idea,Hold to capture an idea,
3.6,Logbook,s3_6.waiting_4,WAITING · 4,"SF Mono label, uppercase"
3.6,Logbook,s3_6.newest_first,NEWEST FIRST,"SF Mono label, uppercase"
3.6,Logbook,s3_6.why_i_stopped_buying_coffee,Why I stopped buying coffee out,
3.6,Logbook,s3_6.014_2h_ago,0:14 · 2H AGO,"SF Mono label, uppercase"
3.6,Logbook,s3_6.shape,✦ Shape,
3.6,Logbook,s3_6.cold_showers_myth_vs_what,Cold showers: myth vs. what helped,
3.6,Logbook,s3_6.text_yesterday,TEXT · YESTERDAY,"SF Mono label, uppercase"
3.6,Logbook,s3_6.staying_consistent_on_weekends,Staying consistent on weekends,
3.6,Logbook,s3_6.031_yesterday,0:31 · YESTERDAY,"SF Mono label, uppercase"
3.6,Logbook,s3_6.503020_for_freelancers,50/30/20 for freelancers?,
3.6,Logbook,s3_6.text_3_days_ago,TEXT · 3 DAYS AGO,"SF Mono label, uppercase"
3.6,Logbook,s3_6.a11y_type_an_idea,Type an idea,VoiceOver label
4.1,Script page · AI writing in your voice,s4_1.tiktok,TikTok,
4.1,Script page · AI writing in your voice,s4_1.draft,Draft,
4.1,Script page · AI writing in your voice,s4_1.shaped,Shaped,
4.1,Script page · AI writing in your voice,s4_1.rec,Rec,
4.1,Script page · AI writing in your voice,s4_1.3_habits_that_fixed_my,3 habits that fixed my mornings,
4.1,Script page · AI writing in your voice,s4_1.morning_routines_152_words_102,Morning routines 152 WORDS · ~1:02,
4.1,Script page · AI writing in your voice,s4_1.102_fits_ideal_100130,1:02 ✓ FITS · IDEAL 1:00–1:30,"SF Mono label, uppercase"
4.1,Script page · AI writing in your voice,s4_1.hook_003,HOOK 0:03,"SF Mono label, uppercase"
4.1,Script page · AI writing in your voice,s4_1.okay_real_talk_pause_three,"Okay, real talk. pause Three tiny habits completely changed my mornings.",
4.1,Script page · AI writing in your voice,s4_1.body_051,BODY 0:51,"SF Mono label, uppercase"
4.1,Script page · AI writing in your voice,s4_1.one_no_phone_for_the,"One: no phone for the first twenty minutes. Just water and daylight. smile Two: I write down one thing that would make today a win. Three: I move. Ten squats, a walk around the block.",
4.1,Script page · AI writing in your voice,s4_1.cta_008,CTA 0:08,"SF Mono label, uppercase"
4.1,Script page · AI writing in your voice,s4_1.try_one_tomorrow_and_tell,Try one tomorrow and tell me which one stuck,
4.1,Script page · AI writing in your voice,s4_1.writing_in_your_voice,✦ Writing in your voice,
4.1,Script page · AI writing in your voice,s4_1.studio,Studio,
4.1,Script page · AI writing in your voice,s4_1.record,Record,
4.1,Script page · AI writing in your voice,s4_1.a11y_back,Back,VoiceOver label
4.1,Script page · AI writing in your voice,s4_1.a11y_more,More,VoiceOver label
4.2,Editing a script · AI on selection,s4_2.draft,Draft,
4.2,Editing a script · AI on selection,s4_2.shaped,Shaped,
4.2,Editing a script · AI on selection,s4_2.autosaved,AUTOSAVED,"SF Mono label, uppercase"
4.2,Editing a script · AI on selection,s4_2.done,Done,
4.2,Editing a script · AI on selection,s4_2.3_habits_that_fixed_my,3 habits that fixed my mornings,
4.2,Editing a script · AI on selection,s4_2.okay_real_talk_pause_three,"Okay, real talk. pause Three tiny habits completely changed my mornings.",
4.2,Editing a script · AI on selection,s4_2.one_no_phone_for_the,"One: no phone for the first twenty minutes. No emails, no scrolling, just water and daylight. smile",
4.2,Editing a script · AI on selection,s4_2.two_i_write_down_one,Two: I write down one thing that would make today a win.,
4.2,Editing a script · AI on selection,s4_2.rewrite_shorter_punchier_more_me,✦ Rewrite Shorter Punchier More me Cut,
4.2,Editing a script · AI on selection,s4_2.cues_pause_smile_emphasis_look,CUES pause smile emphasis look at camera,
4.2,Editing a script · AI on selection,s4_2.q_w_e_r_t,q w e r t y u i o p,
4.2,Editing a script · AI on selection,s4_2.a_s_d_f_g,a s d f g h j k l,
4.2,Editing a script · AI on selection,s4_2.z_x_c_v_b,z x c v b n m,
4.2,Editing a script · AI on selection,s4_2.123_space_return,123 space return,
4.2,Editing a script · AI on selection,s4_2.a11y_back,Back,VoiceOver label
4.3,Pick a hook,s4_3.3_habits_that_fixed_my,3 habits that fixed my mornings,
4.3,Pick a hook,s4_3.hooks_first_3_seconds,✦ HOOKS · FIRST 3 SECONDS,"SF Mono label, uppercase"
4.3,Pick a hook,s4_3.pick_a_hook,Pick a hook,
4.3,Pick a hook,s4_3.current_straight_talk_003_okay,"CURRENT · STRAIGHT TALK 0:03 Okay, real talk. Three tiny habits completely changed my mornings.",
4.3,Pick a hook,s4_3.question_003_why_do_your,"QUESTION 0:03 Why do your mornings feel rushed, even when you wake up early?",
4.3,Pick a hook,s4_3.bold_claim_003_you_dont,BOLD CLAIM 0:03 You don't need a 5am routine. You need these three habits.,
4.3,Pick a hook,s4_3.story_004_i_used_to,STORY 0:04 I used to hit snooze four times. Then I tried this.,
4.3,Pick a hook,s4_3.number_003_20_minutes_no,NUMBER 0:03 20 minutes. No phone. Here's what happened to my mornings.,
4.3,Pick a hook,s4_3.more_hooks,More hooks,
4.3,Pick a hook,s4_3.every_option_keeps_your_voice,Every option keeps your voice. Tap one to swap it in.,
4.3,Pick a hook,s4_3.a11y_close,Close,VoiceOver label
4.4,Improve this script,s4_4.3_habits_that_fixed_my,3 habits that fixed my mornings,
4.4,Improve this script,s4_4.my_cue_voice_on,✦ MY CUE VOICE · ON,"SF Mono label, uppercase"
4.4,Improve this script,s4_4.improve_this_script,Improve this script,
4.4,Improve this script,s4_4.make_it_shorter_15s,Make it shorter −15S,
4.4,Improve this script,s4_4.punchier_hook_5_options,Punchier hook 5 OPTIONS,
4.4,Improve this script,s4_4.sound_more_like_me_uses,Sound more like me USES YOUR EXAMPLES,
4.4,Improve this script,s4_4.add_a_call_to_action,Add a call to action FOLLOW · SAVE · COMMENT,
4.4,Improve this script,s4_4.add_performance_cues_pause_smile,Add performance cues PAUSE · SMILE · EMPHASIS,
4.4,Improve this script,s4_4.simpler_words_for_beginners,Simpler words FOR BEGINNERS,
4.4,Improve this script,s4_4.versions_for_reels_shorts_pro,Versions for Reels & Shorts PRO,
4.4,Improve this script,s4_4.turn_into_a_series_pro,Turn into a series PRO,
4.4,Improve this script,s4_4.rewrites_this_script_only_your,Rewrites this script only. Your profile stays the same. You can undo any change.,
4.4,Improve this script,s4_4.a11y_close,Close,VoiceOver label
4.4,Improve this script,s4_4.a11y_tell_cue_what_to,Tell Cue what to change,VoiceOver label
5.1,Countdown · a ring of stars,s5_1.tiktok_916,TikTok · 9:16,
5.1,Countdown · a ring of stars,s5_1.okay_real_talk,"Okay, real talk.",
5.1,Countdown · a ring of stars,s5_1.three_tiny_habits,Three tiny habits…,
5.1,Countdown · a ring of stars,s5_1.lets_cue,LET'S CUE,"SF Mono label, uppercase"
5.1,Countdown · a ring of stars,s5_1.just_talk_the_text_follows,Just talk. The text follows your voice.,
5.1,Countdown · a ring of stars,s5_1.tap_anywhere_to_cancel,TAP ANYWHERE TO CANCEL,"SF Mono label, uppercase"
5.1,Countdown · a ring of stars,s5_1.a11y_cancel,Cancel,VoiceOver label
5.2,Teleprompter · the text follows your voice,s5_2.0023voice,00:23VOICE,"SF Mono label, uppercase"
5.2,Teleprompter · the text follows your voice,s5_2.tiktok_916,TikTok · 9:16,
5.2,Teleprompter · the text follows your voice,s5_2.three_tiny_habits,Three tiny habits,
5.2,Teleprompter · the text follows your voice,s5_2.changed_my_mornings,changed my mornings.,
5.2,Teleprompter · the text follows your voice,s5_2.one_no_phone_for_the,One: no phone for the,
5.2,Teleprompter · the text follows your voice,s5_2.first_twenty_minutes,first twenty minutes.,
5.2,Teleprompter · the text follows your voice,s5_2.no_emails_no_scrolling,"No emails, no scrolling.",
5.2,Teleprompter · the text follows your voice,s5_2.just_water_and_daylight,Just water and daylight.,
5.2,Teleprompter · the text follows your voice,s5_2.following_your_voice,✦ FOLLOWING YOUR VOICE,"SF Mono label, uppercase"
5.2,Teleprompter · the text follows your voice,s5_2.hook_1_of_3_tiktok,HOOK · 1 OF 3 · TIKTOK SAFE AREA BODY · 2 OF 3 · TIKTOK SAFE AREA,"SF Mono label, uppercase"
5.2,Teleprompter · the text follows your voice,s5_2.voice,Voice,
5.2,Teleprompter · the text follows your voice,s5_2.steady,Steady,
5.2,Teleprompter · the text follows your voice,s5_2.aa,Aa,
5.2,Teleprompter · the text follows your voice,s5_2.iphone_mic_1080p_30_916,● IPHONE MIC · 1080P 30 · 9:16,"SF Mono label, uppercase"
5.2,Teleprompter · the text follows your voice,s5_2.a11y_close,Close,VoiceOver label
5.2,Teleprompter · the text follows your voice,s5_2.a11y_text_size,Text size,VoiceOver label
5.2,Teleprompter · the text follows your voice,s5_2.a11y_mirror,Mirror,VoiceOver label
5.2,Teleprompter · the text follows your voice,s5_2.a11y_flip_camera,Flip camera,VoiceOver label
5.2,Teleprompter · the text follows your voice,s5_2.a11y_stop_recording,Stop recording,VoiceOver label
5.2,Teleprompter · the text follows your voice,s5_2.a11y_pause_prompter,Pause prompter,VoiceOver label
5.2,Teleprompter · the text follows your voice,s5_2.a11y_more,More,VoiceOver label
5.3,Studio mode (rear camera) · orb speed,s5_3.selfie,Selfie,
5.3,Studio mode (rear camera) · orb speed,s5_3.studio,Studio,
5.3,Studio mode (rear camera) · orb speed,s5_3.two_i_write_down_one,Two: I write down one thing.,
5.3,Studio mode (rear camera) · orb speed,s5_3.not_a_todo_list,Not a to-do list.,
5.3,Studio mode (rear camera) · orb speed,s5_3.one_thing_that_would_make,One thing that would make today a win. smile,
5.3,Studio mode (rear camera) · orb speed,s5_3.speed,SPEED,"SF Mono label, uppercase"
5.3,Studio mode (rear camera) · orb speed,s5_3.mirror,Mirror,
5.3,Studio mode (rear camera) · orb speed,s5_3.rear_camera_4k_30_remote,REAR CAMERA · 4K 30 · REMOTE CONNECTED,"SF Mono label, uppercase"
5.3,Studio mode (rear camera) · orb speed,s5_3.aa,Aa,
5.3,Studio mode (rear camera) · orb speed,s5_3.a11y_close,Close,VoiceOver label
5.3,Studio mode (rear camera) · orb speed,s5_3.a11y_restart,Restart,VoiceOver label
5.3,Studio mode (rear camera) · orb speed,s5_3.a11y_stop_recording,Stop recording,VoiceOver label
5.3,Studio mode (rear camera) · orb speed,s5_3.a11y_text_size,Text size,VoiceOver label
6.1,Pick your best take · Cue picks a star,s6_1.to_pick_3_takes,TO PICK · 3 TAKES,"SF Mono label, uppercase"
6.1,Pick your best take · Cue picks a star,s6_1.pick_your_best_take,Pick your best take,
6.1,Pick your best take · Cue picks a star,s6_1.best_take,✦ Best take,
6.1,Pick your best take · Cue picks a star,s6_1.take_2_058,TAKE 2 0:58,"SF Mono label, uppercase"
6.1,Pick your best take · Cue picks a star,s6_1.why_cue_picked_take_2,✦ WHY CUE PICKED TAKE 2,"SF Mono label, uppercase"
6.1,Pick your best take · Cue picks a star,s6_1.fits_tiktok_058_no_stumbles,✓ Fits TikTok · 0:58 No stumbles Steadiest pace Eyes on camera,
6.1,Pick your best take · Cue picks a star,s6_1.record_again,Record again,
6.1,Pick your best take · Cue picks a star,s6_1.use_take_2,Use take 2,
6.1,Pick your best take · Cue picks a star,s6_1.a11y_close,Close,VoiceOver label
6.1,Pick your best take · Cue picks a star,s6_1.a11y_play_take_2,Play take 2,VoiceOver label
6.2,Takes,s6_2.takes,Takes,
6.2,Takes,s6_2.12_takes_5_videos,12 TAKES · 5 VIDEOS,"SF Mono label, uppercase"
6.2,Takes,s6_2.select,Select,
6.2,Takes,s6_2.1_to_pick,1 TO PICK,"SF Mono label, uppercase"
6.2,Takes,s6_2.1_in_edit,1 IN EDIT,"SF Mono label, uppercase"
6.2,Takes,s6_2.2_ready,2 READY,"SF Mono label, uppercase"
6.2,Takes,s6_2.3_shared,✦ 3 SHARED,"SF Mono label, uppercase"
6.2,Takes,s6_2.up_next_post_it,UP NEXT · POST IT,"SF Mono label, uppercase"
6.2,Takes,s6_2.3_habits_that_fixed_my,3 habits that fixed my mornings,
6.2,Takes,s6_2.share,Share,
6.2,Takes,s6_2.all_tiktok_reels_shorts,All TikTok Reels Shorts,
6.2,Takes,s6_2.ready,READY,"SF Mono label, uppercase"
6.2,Takes,s6_2.tiktok_102,TIKTOK · 1:02,"SF Mono label, uppercase"
6.2,Takes,s6_2.in_edit,IN EDIT,"SF Mono label, uppercase"
6.2,Takes,s6_2.the_24hour_rule_for_impulse,The 24-hour rule for impulse buys,
6.2,Takes,s6_2.shorts_041,SHORTS · 0:41,"SF Mono label, uppercase"
6.2,Takes,s6_2.shared,✦ SHARED,"SF Mono label, uppercase"
6.2,Takes,s6_2.scripts,Scripts,
6.2,Takes,s6_2.record,Record,
6.2,Takes,s6_2.profile,Profile,
6.2,Takes,s6_2.settings,Settings,
6.3,Selected video,s6_3.take_2_of_3,TAKE 2 OF 3 ✦,"SF Mono label, uppercase"
6.3,Selected video,s6_3.3_habits_that_fixed_my,3 habits that fixed my mornings,
6.3,Selected video,s6_3.tiktok_1080p_916_fits_from,TIKTOK · 1080P · 9:16 · ✓ FITS · FROM SCRIPT V1,"SF Mono label, uppercase"
6.3,Selected video,s6_3.pick,PICK,"SF Mono label, uppercase"
6.3,Selected video,s6_3.edit,EDIT,"SF Mono label, uppercase"
6.3,Selected video,s6_3.ready,READY,"SF Mono label, uppercase"
6.3,Selected video,s6_3.shared,SHARED ✦,"SF Mono label, uppercase"
6.3,Selected video,s6_3.edit,Edit,
6.3,Selected video,s6_3.retake,Retake,
6.3,Selected video,s6_3.save,Save,
6.3,Selected video,s6_3.script,Script,
6.3,Selected video,s6_3.share_to_tiktok,Share to TikTok,
6.3,Selected video,s6_3.4_of_5_free_exports,4 OF 5 FREE EXPORTS LEFT · GO PRO,"SF Mono label, uppercase"
6.3,Selected video,s6_3.a11y_play,Play,VoiceOver label
6.3,Selected video,s6_3.a11y_back,Back,VoiceOver label
6.3,Selected video,s6_3.a11y_favorite,Favorite,VoiceOver label
6.3,Selected video,s6_3.a11y_delete,Delete,VoiceOver label
7.1,Opening the editor,s7_1.opening_your_edit,OPENING YOUR EDIT,"SF Mono label, uppercase"
7.1,Opening the editor,s7_1.okay_real_talk,"okay, real talk.",
7.1,Opening the editor,s7_1.three_tiny_habits,three tiny habits,
7.1,Opening the editor,s7_1.adding_captions_in_your_words,✦ Adding captions in your words 82%,
7.1,Opening the editor,s7_1.hook_title_captions_and_cuts,"Hook title, captions and cuts from your script are ready in a moment.",
7.2,Editor (close to v26),s7_2.in_edit_autosaved,IN EDIT · AUTOSAVED,"SF Mono label, uppercase"
7.2,Editor (close to v26),s7_2.done,Done,
7.2,Editor (close to v26),s7_2.3_habits_that_fixed_my,3 habits that fixed my mornings,
7.2,Editor (close to v26),s7_2.no_phone_for_the,no phone for the,
7.2,Editor (close to v26),s7_2.first_20_minutes,first 20 minutes,
7.2,Editor (close to v26),s7_2.captions_ready_152_words,✓ Captions ready · 152 words,
7.2,Editor (close to v26),s7_2.cover,Cover,
7.2,Editor (close to v26),s7_2.aa,Aa +,
7.2,Editor (close to v26),s7_2.t_3_habits_that_fixed,T 3 habits that fixed my mornings,
7.2,Editor (close to v26),s7_2.okay_real_talk,"Okay, real talk.",
7.2,Editor (close to v26),s7_2.three_tiny_habits,three tiny habits,
7.2,Editor (close to v26),s7_2.no_phone_for_the_first,no phone for the first,
7.2,Editor (close to v26),s7_2.tap_to_add_music_or,Tap to add music or voiceover,
7.2,Editor (close to v26),s7_2.edit,Edit,
7.2,Editor (close to v26),s7_2.audio,Audio,
7.2,Editor (close to v26),s7_2.text,Text,
7.2,Editor (close to v26),s7_2.captions,Captions,
7.2,Editor (close to v26),s7_2.filters,Filters,
7.2,Editor (close to v26),s7_2.smart,Smart,
7.2,Editor (close to v26),s7_2.a11y_back,Back,VoiceOver label
7.3,Text styles · free fonts and orb sliders,s7_3.in_edit_autosaved,IN EDIT · AUTOSAVED,"SF Mono label, uppercase"
7.3,Text styles · free fonts and orb sliders,s7_3.done,Done,
7.3,Text styles · free fonts and orb sliders,s7_3.3_habits_that_fixed_my,3 habits that fixed my mornings,
7.3,Text styles · free fonts and orb sliders,s7_3.text,Text,
7.3,Text styles · free fonts and orb sliders,s7_3.7_styles_all_included,7 STYLES · ALL INCLUDED,"SF Mono label, uppercase"
7.3,Text styles · free fonts and orb sliders,s7_3.aa_orbit,Aa Orbit,"theme copy: keep the metaphor, translate naturally"
7.3,Text styles · free fonts and orb sliders,s7_3.aa_logbook,Aa Logbook,
7.3,Text styles · free fonts and orb sliders,s7_3.aa_signal,Aa Signal,
7.3,Text styles · free fonts and orb sliders,s7_3.aa_launch,Aa Launch,
7.3,Text styles · free fonts and orb sliders,s7_3.aa_nebula,Aa Nebula,
7.3,Text styles · free fonts and orb sliders,s7_3.aa_comet,Aa Comet,
7.3,Text styles · free fonts and orb sliders,s7_3.aa_postcard,Aa Postcard,
7.3,Text styles · free fonts and orb sliders,s7_3.size_64_pt,Size 64 pt,
7.3,Text styles · free fonts and orb sliders,s7_3.glow,Glow %,
7.4,Caption styles · size orb,s7_4.in_edit_autosaved,IN EDIT · AUTOSAVED,"SF Mono label, uppercase"
7.4,Caption styles · size orb,s7_4.done,Done,
7.4,Caption styles · size orb,s7_4.no_phone_for_the,no phone for the,
7.4,Caption styles · size orb,s7_4.first_20_minutes,first 20 minutes,
7.4,Caption styles · size orb,s7_4.captions,Captions,
7.4,Caption styles · size orb,s7_4.152_words_en,152 WORDS · EN,"SF Mono label, uppercase"
7.4,Caption styles · size orb,s7_4.aa_cue_cue,Aa Cue Cue,
7.4,Caption styles · size orb,s7_4.aa_bold,AA Bold,
7.4,Caption styles · size orb,s7_4.aa_clean,Aa Clean,
7.4,Caption styles · size orb,s7_4.pop_pop,POP Pop,
7.4,Caption styles · size orb,s7_4.aa_editorial,Aa Editorial,
7.4,Caption styles · size orb,s7_4.position,Position,
7.4,Caption styles · size orb,s7_4.top_middle_bottom,Top Middle Bottom,
7.4,Caption styles · size orb,s7_4.size,Size,
7.4,Caption styles · size orb,s7_4.s_m_l_xl,S M L XL,"SF Mono label, uppercase"
7.4,Caption styles · size orb,s7_4.highlight_word,Highlight word,
7.4,Caption styles · size orb,s7_4.edit_words_2_fixes_suggested,Edit words 2 fixes suggested,
7.4,Caption styles · size orb,s7_4.a11y_captions_on,Captions on,VoiceOver label
7.5,"Sound · voice, music and clean-up",s7_5.in_edit_autosaved,IN EDIT · AUTOSAVED,"SF Mono label, uppercase"
7.5,"Sound · voice, music and clean-up",s7_5.done,Done,
7.5,"Sound · voice, music and clean-up",s7_5.music_sits_under_your_voice,✓ Music sits under your voice,
7.5,"Sound · voice, music and clean-up",s7_5.no_phone_for_the,no phone for the,
7.5,"Sound · voice, music and clean-up",s7_5.first_20_minutes,first 20 minutes,
7.5,"Sound · voice, music and clean-up",s7_5.sound,Sound,
7.5,"Sound · voice, music and clean-up",s7_5.voice_music_cleanup,VOICE · MUSIC · CLEAN-UP,"SF Mono label, uppercase"
7.5,"Sound · voice, music and clean-up",s7_5.your_voice_100,Your voice 100%,
7.5,"Sound · voice, music and clean-up",s7_5.music_morning_light,Music · Morning light %,
7.5,"Sound · voice, music and clean-up",s7_5.clean_up_voice_off_light,Clean up voice Off Light Strong,
7.6,Is it ready to post?,s7_6.in_edit_autosaved,IN EDIT · AUTOSAVED,"SF Mono label, uppercase"
7.6,Is it ready to post?,s7_6.done,Done,
7.6,Is it ready to post?,s7_6.edit_saved_102,EDIT SAVED · 1:02,"SF Mono label, uppercase"
7.6,Is it ready to post?,s7_6.is_it_ready_to_post,Is it ready to post?,
7.6,Is it ready to post?,s7_6.yes_share_to_social_media,Yes — share to social media Pick the app in the share sheet ✦ SHARED,
7.6,Is it ready to post?,s7_6.download_video_saves_to_photos,Download video Saves to Photos · post it anywhere SAVED,
7.6,Is it ready to post?,s7_6.ready_ill_post_later_goes,"Ready, I'll post later Goes to Ready in Takes READY",
7.6,Is it ready to post?,s7_6.not_yet_ill_come_back,"Not yet, I'll come back Stays in edit · autosaved IN EDIT",
8.1,Ready to travel,s8_1.exported_1080_1920,EXPORTED · 1080 × 1920,"SF Mono label, uppercase"
8.1,Ready to travel,s8_1.ready_to_travel,Ready to travel.,"theme copy: keep the metaphor, translate naturally"
8.1,Ready to travel,s8_1.3_habits_that_fixed_my,3 habits that fixed my mornings,
8.1,Ready to travel,s8_1.052_captions_on_no_watermark,0:52 · CAPTIONS ON · NO WATERMARK,"SF Mono label, uppercase"
8.1,Ready to travel,s8_1.free_exports_3_of_5,FREE EXPORTS · 3 OF 5 LEFT,"SF Mono label, uppercase"
8.1,Ready to travel,s8_1.share_to_tiktok,Share to TikTok,
8.1,Ready to travel,s8_1.save_to_photos,Save to Photos,
8.1,Ready to travel,s8_1.other_apps,Other apps,
8.1,Ready to travel,s8_1.a11y_close,Close,VoiceOver label
8.2,The send-off,s8_2.tiktok,TIKTOK,"SF Mono label, uppercase"
8.2,The send-off,s8_2.reels,REELS,"SF Mono label, uppercase"
8.2,The send-off,s8_2.shorts,SHORTS,"SF Mono label, uppercase"
8.2,The send-off,s8_2.shared,SHARED,"SF Mono label, uppercase"
8.2,The send-off,s8_2.3_habits_that_fixed_my,3 habits that fixed my mornings,
8.2,The send-off,s8_2.shared_to_tiktok,SHARED TO TIKTOK,"SF Mono label, uppercase"
8.2,The send-off,s8_2.on_its_way,On its way.,
8.2,The send-off,s8_2.052_captions_burned_in_no,0:52 · captions burned in · no watermark,
8.2,The send-off,s8_2.its_now_a_star_in,It's now a star in your universe,"theme copy: keep the metaphor, translate naturally"
8.2,The send-off,s8_2.share_again,Share again,
8.2,The send-off,s8_2.done,Done,
8.3,Milestone unlocked,s8_3.milestone_25_videos_shared,MILESTONE · 25 VIDEOS SHARED,"SF Mono label, uppercase"
8.3,Milestone unlocked,s8_3.a_new_icon_is_yours,A new icon is yours.,
8.3,Milestone unlocked,s8_3.25_videos_carried_out_into,25 videos carried out into the world since March. Deep Space can live on your Home Screen.,"theme copy: keep the metaphor, translate naturally"
8.3,Milestone unlocked,s8_3.on_your_home_screen,ON YOUR HOME SCREEN,"SF Mono label, uppercase"
8.3,Milestone unlocked,s8_3.use_deep_space,Use Deep Space,
8.3,Milestone unlocked,s8_3.keep_my_current_icon,Keep my current icon,
9.1,Profile,s9_1.maya_costa,Maya Costa,
9.1,Profile,s9_1.mayacosta_signed_in_with_apple,@maya.costa · Signed in with Apple,
9.1,Profile,s9_1.free,FREE,"SF Mono label, uppercase"
9.1,Profile,s9_1.your_universe_23_shared,YOUR UNIVERSE · 23 SHARED,"theme copy: keep the metaphor, translate naturally; SF Mono label, uppercase"
9.1,Profile,s9_1.2_more_videos_to_deep,2 more videos to Deep Space,
9.1,Profile,s9_1.my_cue_voice,MY CUE VOICE,"SF Mono label, uppercase"
9.1,Profile,s9_1.what_cue_uses,✦ WHAT CUE USES,"SF Mono label, uppercase"
9.1,Profile,s9_1.i_am,I am,
9.1,Profile,s9_1.lifestyle_personal_says_i,Lifestyle & personal · says “I”,
9.1,Profile,s9_1.topics,Topics,
9.1,Profile,s9_1.morning_routines_personal_finance_budget,Morning routines Personal finance Budget travel,"theme copy: keep the metaphor, translate naturally"
9.1,Profile,s9_1.audience,Audience,
9.1,Profile,s9_1.people_my_age_figuring_life,People my age figuring life out,
9.1,Profile,s9_1.tone,Tone,
9.1,Profile,s9_1.conversational_straight_to_the_point,Conversational · straight to the point,
9.1,Profile,s9_1.exactly_what_cue_tells_apple,Exactly what Cue tells Apple Intelligence. Stays on this iPhone.,
9.1,Profile,s9_1.free_plan,FREE PLAN,"SF Mono label, uppercase"
9.1,Profile,s9_1.every_feature_included,Every feature included,
9.1,Profile,s9_1.free_exports_4_of_5,Free exports 4 of 5 left,
9.1,Profile,s9_1.try_pro_free_for_7,Try Pro free for 7 days,
9.1,Profile,s9_1.scripts,Scripts,
9.1,Profile,s9_1.takes,Takes,
9.1,Profile,s9_1.record,Record,
9.1,Profile,s9_1.profile,Profile,
9.1,Profile,s9_1.settings,Settings,
9.1,Profile,s9_1.a11y_use_my_cue_voice,Use My Cue Voice,VoiceOver label
9.2,Your universe,s9_2.your_universe,Your universe,"theme copy: keep the metaphor, translate naturally"
9.2,Your universe,s9_2.23_videos_shared_since_march,23 VIDEOS SHARED · SINCE MARCH,"SF Mono label, uppercase"
9.2,Your universe,s9_2.you,YOU,
9.2,Your universe,s9_2.morning_routines_12,Morning routines 12,
9.2,Your universe,s9_2.finance_7,Finance 7,
9.2,Your universe,s9_2.travel_4,Travel 4,"theme copy: keep the metaphor, translate naturally"
9.2,Your universe,s9_2.next_milestone_23_25,NEXT MILESTONE · 23 / 25,"SF Mono label, uppercase"
9.2,Your universe,s9_2.share_2_more_videos,Share 2 more videos,
9.2,Your universe,s9_2.unlocks_the_deep_space_app,Unlocks the Deep Space app icon,
9.2,Your universe,s9_2.scripts,Scripts,
9.2,Your universe,s9_2.takes,Takes,
9.2,Your universe,s9_2.record,Record,
9.2,Your universe,s9_2.profile,Profile,
9.2,Your universe,s9_2.settings,Settings,
10.1,Send a comment to Cue,s10_1.214_comments,214 comments,
10.1,Send a comment to Cue,s10_1.danmoves,dan.moves,
10.1,Send a comment to Cue,s10_1.water_before_coffee_changed_my,Water before coffee changed my life,
10.1,Send a comment to Cue,s10_1.88,♡ 88,
10.1,Send a comment to Cue,s10_1.marinaruns,marina.runs,
10.1,Send a comment to Cue,s10_1.how_do_you_stay_consistent,How do you stay consistent on weekends? I always fall off by Saturday.,
10.1,Send a comment to Cue,s10_1.214,♡ 214,
10.1,Send a comment to Cue,s10_1.cancel,Cancel,
10.1,Send a comment to Cue,s10_1.send_to_cue,Send to Cue,
10.1,Send a comment to Cue,s10_1.1_comment_found,1 COMMENT FOUND,"SF Mono label, uppercase"
10.1,Send a comment to Cue,s10_1.how_do_you_stay_consistent,“How do you stay consistent on weekends? I always fall off by Saturday.”,
10.1,Send a comment to Cue,s10_1.marinaruns,@marina.runs·,
10.1,Send a comment to Cue,s10_1.tiktok,TikTok,
10.1,Send a comment to Cue,s10_1.answer_with_a_video,Answer with a video,
10.1,Send a comment to Cue,s10_1.cue_drafts_a_reply_in,Cue drafts a reply in your voice,
10.1,Send a comment to Cue,s10_1.save_to_logbook,Save to Logbook,
10.1,Send a comment to Cue,s10_1.keep_it_with_your_other,Keep it with your other ideas for later,
10.1,Send a comment to Cue,s10_1.read_on_this_iphone_nothing,READ ON THIS IPHONE · NOTHING IS UPLOADED,"SF Mono label, uppercase"
10.1,Send a comment to Cue,s10_1.continue,Continue,
10.2,Is this right?,s10_2.new_reply,NEW REPLY,"SF Mono label, uppercase"
10.2,Is this right?,s10_2.is_this_right,Is this right?,
10.2,Is this right?,s10_2.cue_read_this_from_your,Cue read this from your screenshot. Fix anything before it writes.,
10.2,Is this right?,s10_2.marinaruns,marina.runs,
10.2,Is this right?,s10_2.how_do_you_stay_consistent,How do you stay consistent on weekends? I always fall off by Saturday.,
10.2,Is this right?,s10_2.comment,COMMENT,"SF Mono label, uppercase"
10.2,Is this right?,s10_2.from,FROM,"SF Mono label, uppercase"
10.2,Is this right?,s10_2.marinaruns,@marina.runs,
10.2,Is this right?,s10_2.show_in_video,Show in video,
10.2,Is this right?,s10_2.reply_on,REPLY ON,"SF Mono label, uppercase"
10.2,Is this right?,s10_2.tiktok,TikTok,
10.2,Is this right?,s10_2.reels,Reels,
10.2,Is this right?,s10_2.shorts,Shorts,
10.2,Is this right?,s10_2.youtube,YouTube,
10.2,Is this right?,s10_2.on_your_video_matched,ON YOUR VIDEO · MATCHED,"SF Mono label, uppercase"
10.2,Is this right?,s10_2.3_habits_that_fixed_my,3 habits that fixed my mornings,
10.2,Is this right?,s10_2.change,Change,
10.2,Is this right?,s10_2.draft_my_reply,✦ Draft my reply,
10.2,Is this right?,s10_2.ill_write_it_myself,I'll write it myself,
10.2,Is this right?,s10_2.a11y_back,Back,VoiceOver label
10.2,Is this right?,s10_2.a11y_show_name_in_video,Show name in video,VoiceOver label
10.3,Draft in your voice,s10_3.from_your_audience,FROM YOUR AUDIENCE,"SF Mono label, uppercase"
10.3,Draft in your voice,s10_3.answer_with_a_video,Answer with a video,
10.3,Draft in your voice,s10_3.mr,MR,
10.3,Draft in your voice,s10_3.marinaruns,@marina.runs,
10.3,Draft in your voice,s10_3.tiktok_on_3_habits_214,TIKTOK · ON “3 HABITS…” · 214 LIKES,"SF Mono label, uppercase"
10.3,Draft in your voice,s10_3.how_do_you_stay_consistent,How do you stay consistent on weekends? I always fall off by Saturday.,
10.3,Draft in your voice,s10_3.becomes_your_next_script,BECOMES YOUR NEXT SCRIPT,"SF Mono label, uppercase"
10.3,Draft in your voice,s10_3.draft_in_your_voice,✦ DRAFT IN YOUR VOICE,"SF Mono label, uppercase"
10.3,Draft in your voice,s10_3.hook,HOOK,"SF Mono label, uppercase"
10.3,Draft in your voice,s10_3.marina_asked_how_i_keep,Marina asked how I keep this going on weekends. Honest answer: I don't do all three.,
10.3,Draft in your voice,s10_3.body,BODY,"SF Mono label, uppercase"
10.3,Draft in your voice,s10_3.on_saturdays_i_keep_just,On Saturdays I keep just one: water before coffee. One small habit keeps the streak alive.,
10.3,Draft in your voice,s10_3.cta,CTA,
10.3,Draft in your voice,s10_3.whats_your_one_weekend_habit,What's your one weekend habit? Tell me below,
10.3,Draft in your voice,s10_3.morning_routines,Morning routines →,
10.3,Draft in your voice,s10_3.tiktok_38s,TikTok · ~38s,
10.3,Draft in your voice,s10_3.fits,✓ FITS,"SF Mono label, uppercase"
10.3,Draft in your voice,s10_3.you_review_every_word_nothing,You review every word. Nothing is posted without you.,
10.3,Draft in your voice,s10_3.edit,Edit,
10.3,Draft in your voice,s10_3.record_reply,Record reply,
10.3,Draft in your voice,s10_3.a11y_back,Back,VoiceOver label
10.4,Comment card in the editor,s10_4.in_edit,IN EDIT,"SF Mono label, uppercase"
10.4,Comment card in the editor,s10_4.autosaved,· AUTOSAVED,"SF Mono label, uppercase"
10.4,Comment card in the editor,s10_4.done,Done,
10.4,Comment card in the editor,s10_4.replying_to_marinaruns,Replying to @marina.runs,
10.4,Comment card in the editor,s10_4.how_do_you_stay_consistent,How do you stay consistent on weekends?,
10.4,Comment card in the editor,s10_4.honest_answer,honest answer:,
10.4,Comment card in the editor,s10_4.just_one,just one,
10.4,Comment card in the editor,s10_4.style_bubble,Style: Bubble,
10.4,Comment card in the editor,s10_4.show_name,Show @name,
10.4,Comment card in the editor,s10_4.000_004,0:00 – 0:04,
10.4,Comment card in the editor,s10_4.symbol,↶ ↷,
10.4,Comment card in the editor,s10_4.comment,Comment,
10.4,Comment card in the editor,s10_4.marina_asked_how_i,Marina asked how I,
10.4,Comment card in the editor,s10_4.keep_this_going,keep this going,
10.4,Comment card in the editor,s10_4.honest_answer_just_one,honest answer: just one,
10.4,Comment card in the editor,s10_4.morning_lofi,♪ Morning lofi,
10.4,Comment card in the editor,s10_4.edit,Edit,
10.4,Comment card in the editor,s10_4.audio,Audio,
10.4,Comment card in the editor,s10_4.text,Text,
10.4,Comment card in the editor,s10_4.captions,Captions,
10.4,Comment card in the editor,s10_4.smart,Smart,
10.4,Comment card in the editor,s10_4.a11y_back,Back,VoiceOver label
11.1,Settings,s11_1.settings,Settings,
11.1,Settings,s11_1.how_you_record_every_time,"How you record, every time.",
11.1,Settings,s11_1.your_setup,YOUR SETUP,"SF Mono label, uppercase"
11.1,Settings,s11_1.camera,Camera,
11.1,Settings,s11_1.front,Front,
11.1,Settings,s11_1.quality,Quality,
11.1,Settings,s11_1.1080p_30,1080p · 30,
11.1,Settings,s11_1.mic,Mic,
11.1,Settings,s11_1.iphone,iPhone,
11.1,Settings,s11_1.text,Text,
11.1,Settings,s11_1.large,Large,
11.1,Settings,s11_1.platforms_can_recommend_another_setup,Platforms can recommend another setup per video — you choose.,
11.1,Settings,s11_1.recording,Recording,
11.1,Settings,s11_1.camera_mic,Camera · mic,
11.1,Settings,s11_1.prompter,Prompter,
11.1,Settings,s11_1.follows_your_voice_large_text,Follows your voice · large text,
11.1,Settings,s11_1.remote,Remote,
11.1,Settings,s11_1.not_connected,Not connected,
11.1,Settings,s11_1.set_it_up_once_cue,Set it up once. Cue remembers how you create.,
11.1,Settings,s11_1.general,General,
11.1,Settings,s11_1.language_region,Language & Region,
11.1,Settings,s11_1.english,English,
11.1,Settings,s11_1.personalizenew,PersonalizeNEW,
11.1,Settings,s11_1.app_icon_starry_sky_celebrations,App icon · starry sky · celebrations,
11.1,Settings,s11_1.privacy_ai_data,Privacy & AI data,
11.1,Settings,s11_1.on_your_iphone_nothing_sold,On your iPhone · nothing sold or shared,
11.1,Settings,s11_1.scripts,Scripts,
11.1,Settings,s11_1.takes,Takes,
11.1,Settings,s11_1.record,Record,
11.1,Settings,s11_1.profile,Profile,
11.2,Prompter settings · orb sliders,s11_2.settings,Settings,
11.2,Prompter settings · orb sliders,s11_2.prompter,Prompter,
11.2,Prompter settings · orb sliders,s11_2.preview,PREVIEW,"SF Mono label, uppercase"
11.2,Prompter settings · orb sliders,s11_2.three_tiny_habits_changed,Three tiny habits changed,
11.2,Prompter settings · orb sliders,s11_2.my_mornings_one,my mornings. One:,
11.2,Prompter settings · orb sliders,s11_2.no_phone_for_the_first,no phone for the first,
11.2,Prompter settings · orb sliders,s11_2.speed_wpm,Speed wpm,
11.2,Prompter settings · orb sliders,s11_2.slow_used_when_cue_isnt,Slow Used when Cue isn’t following you Fast,
11.2,Prompter settings · orb sliders,s11_2.text_size_small_medium_large,Text size Small Medium Large Extra large,
11.2,Prompter settings · orb sliders,s11_2.reading_line_near_the_camera,Reading line Near the camera,
11.2,Prompter settings · orb sliders,s11_2.camera_middle,Camera Middle,
11.2,Prompter settings · orb sliders,s11_2.margins_medium,Margins Medium,
11.2,Prompter settings · orb sliders,s11_2.follow_my_voice,Follow my voice,
11.2,Prompter settings · orb sliders,s11_2.countdown,Countdown,
11.2,Prompter settings · orb sliders,s11_2.3_s,3 s,
11.3,Personalize · sky orb,s11_3.settings,Settings,
11.3,Personalize · sky orb,s11_3.personalize,Personalize,
11.3,Personalize · sky orb,s11_3.app_icon,APP ICON,"SF Mono label, uppercase"
11.3,Personalize · sky orb,s11_3.cue,Cue,
11.3,Personalize · sky orb,s11_3.default,Default,
11.3,Personalize · sky orb,s11_3.aurora,Aurora,
11.3,Personalize · sky orb,s11_3.first_light,First Light,
11.3,Personalize · sky orb,s11_3.unlocked_by_milestones_in_your,"Unlocked by milestones in your universe. First Light, Deep Space and Constellation come with Pro.","theme copy: keep the metaphor, translate naturally"
11.3,Personalize · sky orb,s11_3.topics_colors,TOPICS & COLORS,"SF Mono label, uppercase"
11.3,Personalize · sky orb,s11_3.your_topics,Your topics,
11.3,Personalize · sky orb,s11_3.edit_them_in_my_cue,Edit them in My Cue Voice,
11.3,Personalize · sky orb,s11_3.tag_new_scripts_automatically,Tag new scripts automatically,
11.3,Personalize · sky orb,s11_3.cue_picks_the_topic_on,Cue picks the topic on this iPhone,
11.3,Personalize · sky orb,s11_3.motion,MOTION,"SF Mono label, uppercase"
11.3,Personalize · sky orb,s11_3.starry_sky,Starry sky,
11.3,Personalize · sky orb,s11_3.off_calm_lively,Off Calm Lively,
11.3,Personalize · sky orb,s11_3.celebrations,Celebrations,
11.3,Personalize · sky orb,s11_3.haptics,Haptics,
11.3,Personalize · sky orb,s11_3.the_sky_shows_only_while,"The sky shows only while you browse, never over your face or your edit. Everything turns off when Reduce Motion is on.",
11.4,Cue Pro,s11_4.cue_pro,CUE PRO,"SF Mono label, uppercase"
11.4,Cue Pro,s11_4.take_your_universe_further,Take your universe further.,"theme copy: keep the metaphor, translate naturally"
11.4,Cue Pro,s11_4.everything_in_cue_is_free,"Everything in Cue is free while you try it — 5 exports included. Then 7 days free, monthly or yearly.",
11.4,Cue Pro,s11_4.unlimited_exports_up_to_4k,"✓ Unlimited exports, up to 4K EXPORT",
11.4,Cue Pro,s11_4.full_my_cue_voice_sponsoredad,✓ Full My Cue Voice + sponsored-ad scripts AI,
11.4,Cue Pro,s11_4.hook_variations_platform_versions_besttake,"✓ Hook variations, platform versions, best-take picks AI",
11.4,Cue Pro,s11_4.cover_styles_series_tags_text,"✓ Cover styles, series tags, “Text behind me” EDIT",
11.4,Cue Pro,s11_4.remote_from_apple_watch_ipad,"✓ Remote from Apple Watch, iPad & Mac sync STUDIO",
11.4,Cue Pro,s11_4.every_milestone_app_icon_universe,✦ Every milestone app icon UNIVERSE,"theme copy: keep the metaphor, translate naturally"
11.4,Cue Pro,s11_4.save_58_yearly_3999_333mo,SAVE 58% Yearly $39.99 · $3.33/mo,
11.4,Cue Pro,s11_4.monthly_799_month,Monthly $7.99 / month,
11.4,Cue Pro,s11_4.start_7day_free_trial,Start 7-day free trial,
11.4,Cue Pro,s11_4.free_for_7_days_then,"Free for 7 days, then $39.99/year. Cancel anytime in Settings.",
11.4,Cue Pro,s11_4.restore,Restore,
11.4,Cue Pro,s11_4.terms,Terms,
11.4,Cue Pro,s11_4.privacy,Privacy,
11.4,Cue Pro,s11_4.a11y_close,Close,VoiceOver label
