key,en,context,max
dock.placeholder,Say it or type your idea…,"Scripts dock field, empty",32
dock.chip.format,Format,Dock chip when Auto,14
dock.chip.platform,For %@,"Dock chip, %@ = short platform name",16
dock.chip.voice,Voice %lld%%,"Dock chip, voice strength",14
dock.a11y.idea,Your idea,VoiceOver label,20
dock.a11y.idea.hint,Say or type an idea,VoiceOver hint,40
dock.a11y.another,Another idea,VoiceOver label,20
dock.a11y.mic,Dictate,VoiceOver label,16
dock.a11y.mic.hint,"Double-tap to dictate, or hold to record",VoiceOver hint,60
dock.a11y.send,Write it,VoiceOver label + no-AI arrow,16
transition.title,Writing in your voice,Star transition headline,28
transition.step.1,Finding your hook…,Rotating phrase while AI writes,30
transition.step.2,Lining up the stars,Rotating phrase while AI writes,30
transition.step.3,Making it sound like you,Rotating phrase while AI writes,30
transition.step.4,Saving room for your pause,Rotating phrase while AI writes,30
transition.step.5,Trimming the extra words,Rotating phrase while AI writes,30
transition.step.6,Warming up the prompter,Rotating phrase while AI writes,30
transition.step.7,Shaping it for %@,"Rotating phrase, %@ = platform",30
transition.step.8,Almost camera-ready,Always the last phrase,30
transition.cancel,Cancel,Star transition,12
toast.ai.error,Couldn’t write it · Try again,"Toast, AI failed",28
state.ready,READY,"State chip (mono, caps)",10
state.draft,DRAFT,State chip,10
state.recorded,RECORDED ×%lld,State chip,14
strip.cues,%lld CUES,"Strip, mono",10
strip.nocues,NO CUES,"Strip, mono",10
strip.edited,EDITED · TAP DONE WHEN FINISHED,Strip after editing,34
strip.changed,CHANGED SINCE TAKE %lld,"Strip, recorded + edited",26
strip.shape,Shape,Tool button,10
strip.retake,Retake,Button,10
toast.ready,Ready to record,Toast after Done,28
toast.draft,Saved as draft,Toast after back with edits,28
toast.nothing,Nothing to save yet,Done on a blank script,28
confirm.empty,%lld sections are still empty.,Done with empty format sections,40
confirm.empty.yes,Done anyway,Button,16
confirm.empty.no,Keep writing,Button,16
toast.shape,✦ %lld cues added,After Shape,28
toast.imported,Imported · Ready to record,After Use this script,28
empty.scripts.title,Your scripts live here,3.1 title,30
empty.scripts.body,Say or type an idea below. Cue writes it in your voice.,3.1 line,60
empty.scripts.hud,NO SCRIPTS YET,"3.1 HUD, mono",18
empty.ideas.label,✦ IDEAS FOR YOU · TAP TO START,"3.1 label, mono",32
empty.filter,No %@ scripts yet,Filter with no results,30
empty.filter.cta,Create for %@,Button,20
logbook.capture,Hold to capture an idea,Logbook field,30
logbook.waiting,WAITING · %lld,Logbook HUD,16
vq.tip.title,Make scripts sound more like you,TipKit title,34
vq.tip.message,One quick question · voice %lld%%,TipKit message,40
vq.tip.close,Close tip,VoiceOver,16
vq.sheet.title,My Cue Voice,Sheet title,18
vq.other,+ Something else,"Row, opens text field",22
vq.none,None of these,"Row, skips the question",20
vq.type,Type yours,Text field placeholder,20
vq.save,Save,Button,10
vq.saved,Saved · voice %lld%%,After answering,28
vq.more,One more question,Button,22
vq.footer,Change it anytime in Profile › My Cue Voice.,Sheet footer,60
vq.complete,✓ Cue Voice complete,Toast at 100%,28
vq.typo,Did you mean “%@”?,Validation,34
vq.typo.use,Use “%@”,Button,24
vq.typo.keep,Keep mine,Button,14
vq.blocked,Apple Intelligence can’t use this word.,Validation,50
vq.dup,Already added.,Validation,20
vq.max,Max %lld,Toast,12
vq.role,What kind of creator are you?,My Cue Voice question (large title),44
vq.role.lifestyle.and.personal,Lifestyle & personal,Answer option,30
vq.role.entertainer,Entertainer,Answer option,30
vq.role.expert.coach.or.pro,"Expert, coach or pro",Answer option,30
vq.role.teacher.or.explainer,Teacher or explainer,Answer option,30
vq.role.my.own.business,My own business,Answer option,30
vq.role.content.for.brands,Content for brands,Answer option,30
vq.role.news.and.commentary,News & commentary,Answer option,30
vq.role.community.or.cause,Community or cause,Answer option,30
vq.topics,What do you talk about?,My Cue Voice question (large title),44
vq.audience,Who’s watching?,My Cue Voice question (large title),44
vq.audience.i.m.still.figuring.it.out,I’m still figuring it out,Answer option,30
vq.audience.level,How much do they already know?,My Cue Voice question (large title),44
vq.audience.level.new.to.it,New to it,Answer option,30
vq.audience.level.some.basics,Some basics,Answer option,30
vq.audience.level.experienced,Experienced,Answer option,30
vq.tone,How do you talk on camera?,My Cue Voice question (large title),44
vq.tone.conversational,Conversational,Answer option,30
vq.tone.straight.to.the.point,Straight to the point,Answer option,30
vq.tone.educational,Educational,Answer option,30
vq.tone.confident,Confident,Answer option,30
vq.tone.warm.and.calm,Warm & calm,Answer option,30
vq.tone.energetic,Energetic,Answer option,30
vq.tone.playful,Playful,Answer option,30
vq.tone.dry.and.sarcastic,Dry & sarcastic,Answer option,30
vq.endings,How do you usually end a video?,My Cue Voice question (large title),44
vq.endings.save.this,Save this,Answer option,30
vq.endings.follow.for.more,Follow for more,Answer option,30
vq.endings.comment.your.answer,Comment your answer,Answer option,30
vq.endings.link.in.bio,Link in bio,Answer option,30
vq.endings.try.it.and.tell.me,Try it and tell me,Answer option,30
vq.openings,How do you like to open?,My Cue Voice question (large title),44
vq.openings.bold.claim,Bold claim,Answer option,30
vq.openings.question,Question,Answer option,30
vq.openings.story.opener,Story opener,Answer option,30
vq.openings.surprising.fact,Surprising fact,Answer option,30
vq.openings.pov,POV,Answer option,30
vq.formats,What do you film most?,My Cue Voice question (large title),44
vq.formats.talking.head,Talking head,Answer option,30
vq.formats.tutorial.how.to,Tutorial / how-to,Answer option,30
vq.formats.storytime,Storytime,Answer option,30
vq.formats.list.tips,List / tips,Answer option,30
vq.formats.review,Review,Answer option,30
vq.formats.reaction,Reaction,Answer option,30
vq.length,"How long are your videos, usually?",My Cue Voice question (large title),44
vq.length.under.30.s,Under 30 s,Answer option,30
vq.length.30.60.s,30–60 s,Answer option,30
vq.length.1.3.min,1–3 min,Answer option,30
vq.length.longer,Longer,Answer option,30
vq.humor,How much humor in your videos?,My Cue Voice question (large title),44
vq.humor.none,None,Answer option,30
vq.humor.a.little,A little,Answer option,30
vq.humor.a.lot,A lot,Answer option,30
vq.platforms,Where do you post most?,My Cue Voice question (large title),44
vq.platforms.tiktok,TikTok,Answer option,30
vq.platforms.reels,Reels,Answer option,30
vq.platforms.shorts,Shorts,Answer option,30
vq.platforms.youtube,YouTube,Answer option,30
vq.platforms.linkedin,LinkedIn,Answer option,30
vq.platforms.stories,Stories,Answer option,30
vq.energy,What’s your energy on camera?,My Cue Voice question (large title),44
vq.energy.calm,Calm,Answer option,30
vq.energy.balanced,Balanced,Answer option,30
vq.energy.high,High,Answer option,30
vq.sentences,Short sentences or longer ones?,My Cue Voice question (large title),44
vq.sentences.short,Short,Answer option,30
vq.sentences.mixed,Mixed,Answer option,30
vq.sentences.long,Long,Answer option,30
vq.words,How technical are your words?,My Cue Voice question (large title),44
vq.words.plain,Plain,Answer option,30
vq.words.some.slang,Some slang,Answer option,30
vq.words.expert.terms,Expert terms,Answer option,30
vq.swearing,Any swearing?,My Cue Voice question (large title),44
vq.swearing.never,Never,Answer option,30
vq.swearing.mild.only,Mild only,Answer option,30
vq.phrases,A phrase you always say?,My Cue Voice question (large title),44
vq.phrases.okay.real.talk,"Okay, real talk.",Answer option,30
vq.phrases.here.s.the.thing,Here’s the thing.,Answer option,30
vq.phrases.let.s.go,Let’s go.,Answer option,30
vq.avoid,Anything Cue should never write?,My Cue Voice question (large title),44
vq.avoid.clickbait,Clickbait,Answer option,30
vq.avoid.hype.words,Hype words,Answer option,30
vq.avoid.emojis.in.captions,Emojis in captions,Answer option,30
vq.avoid.medical.claims,Medical claims,Answer option,30
vq.avoid.politics,Politics,Answer option,30
vq.avoid.nothing.to.avoid,Nothing to avoid,Answer option,30
vq.example,Paste something you wrote or said,My Cue Voice question (large title),44
vq.example.paste,Paste,Answer option,30
vq.example.speak,Speak,Answer option,30
vq.example.my.scripts,My scripts,Answer option,30
vq.example.i.said.or.wrote.this.myself,I said or wrote this myself,Answer option,30
vq.tone.conversational.example,“So here’s the thing…”,Tone example line,40
vq.tone.straight.to.the.point.example,“Three steps. No fluff.”,Tone example line,40
vq.tone.educational.example,“Let’s break down why.”,Tone example line,40
vq.tone.confident.example,“This is the method I trust.”,Tone example line,40
vq.tone.warm.and.calm.example,“Let’s slow down for a second.”,Tone example line,40
vq.tone.energetic.example,"“Okay, quick one today…”",Tone example line,40
vq.tone.playful.example,“My alarm and I are not friends.”,Tone example line,40
vq.tone.dry.and.sarcastic.example,“Great. Another life hack.”,Tone example line,40
format.title,What kind of video?,Format / brand / share,26
format.more,More formats,Format / brand / share,20
format.auto,Auto,Format / brand / share,14
format.talkingHead,Talking head,Format / brand / share,18
format.mythFact,Myth vs fact,Format / brand / share,18
format.pov,POV,Format / brand / share,10
format.ad,Sponsored ad,Format / brand / share,18
brand.title,Who is it for?,Format / brand / share,24
brand.write,✦ Write the ad,Format / brand / share,20
brand.missing,Add the brand and the product,Format / brand / share,28
brand.label.always,ALWAYS ON,Format / brand / share,12
share.ad,Paid partnership with %@ — #ad is in your caption. Turn on the platform’s paid-partnership label.,Format / brand / share,120
settings.appicon.deepspace,Deep Space,"Settings › App icon row, unlocks at 25 videos",16
settings.appicon.firstlight,First Light,"Settings › App icon row, 50 videos · Pro",16
settings.personalize.footer.icon,Deep Space and First Light unlock with milestones,"Settings › Personalize, App icon row subtitle",48
welcome.wordmark,CUE STUDIO,"1.1 wordmark under the C (SF Mono 13 pt, 0.34 em tracking)",12
welcome.title,Every creator has a universe to share.,"1.1 title",40
settings.title,"Settings","11.1 large title",16
settings.setup.card,"YOUR SETUP","11.1 preview card header (mono)",16
settings.section.create,"Create","11.1 section",16
settings.section.yourcue,"Your Cue","11.1 section",16
settings.section.general,"General","11.1 section",16
settings.section.about,"About","11.1 section",16
settings.create.footer,"Set it up once. Every recording starts from here.","11.1 footer Create",60
settings.row.recording,"Recording","row",20
settings.row.prompter,"Prompter","row",20
settings.row.remote,"Remote","row",20
settings.row.personalize,"Personalize","row (NEW badge)",20
settings.row.language,"Language & Region","row",24
settings.row.privacy,"Privacy & AI data","row",24
settings.row.pro,"Cue Pro","row, value "Free · {n} left"",20
settings.row.restore,"Restore purchases","tinted row",24
settings.row.ack,"Acknowledgements","row",24
settings.search.empty,"No results","11.1 search without result (system empty state)",24
settings.prompter.footer,"Studio uses these too. The screen stays on while the prompter is open.","Prompter last footer",72
settings.safezone.footer,"A guide, not a guarantee · Never recorded","Social safe zone footer",44
settings.privacy.delete,"Delete my Cue data","destructive row and dialog button",24
settings.privacy.delete.body,"Deletes your scripts, takes, edits and My Cue Voice from this iPhone. This can't be undone.","confirmationDialog message",100
pro.eyebrow,"CUE PRO","11.4 eyebrow",10
pro.title,"Take your universe further.","11.4 title",30
pro.sub,"Free to try · 5 exports included. Then 7 days free.","11.4 subtitle",56
pro.plan.yearly,"$39.99 · $3.33/mo","11.4 yearly plan (SAVE 58%)",24
pro.plan.monthly,"$7.99 / month","11.4 monthly plan",20
pro.cta,"Start 7-day free trial","11.4 CTA",24
pro.terms,"Free for 7 days, then $39.99/year. Cancel anytime in Settings.","11.4 footer",70
pro.calm.eyebrow,"YOUR VIDEO IS READY","11.4 calm eyebrow",24
pro.calm.title,"Keep sharing your universe.","11.4 calm title",30
pro.calm.sub,"Start the trial and export it now.","11.4 calm sub",40
pro.calm.cta,"Start free trial · export now","11.4 calm CTA",32
pro.calm.toast,"Trial started · video exported","toast",28
exports.left,"{n} OF 5 LEFT","8.1 meter, 5–2 left",16
exports.last,"LAST FREE EXPORT","8.1 / 9.1 meter at 1 left (yellow)",20
exports.none,"0 OF 5 LEFT · EXPORT WITH PRO","8.1 meter at 0 (orange)",32
exports.pro,"PRO · UNLIMITED EXPORTS","meter with Pro",24
exports.take.left,"{n} OF 5 FREE EXPORTS LEFT · GO PRO","6.3 label",40
exports.take.last,"LAST FREE EXPORT · GO PRO","6.3 label (yellow)",28
exports.take.ready,"READY · EXPORT WITH PRO · GO PRO","6.3 label after Not now",36
ready.sheet.title,"Your video is ready","sheet title",24
ready.sheet.body,"Saved in Takes · nothing is lost. You've used your 5 free exports.","sheet body",72
ready.sheet.cta,"Start free trial · export now","sheet primary",32
ready.sheet.see,"See what's in Pro","sheet secondary",24
ready.sheet.later,"Not now","sheet text button",12
ready.sheet.legal,"7 days free, then $39.99/year. Cancel anytime.","sheet footer",48
ready.sheet.toast,"Saved in Takes · export with Pro anytime","toast after close",40
share.cta,"Share to universe","8.1 / 6.3 primary",20
share.save,"Save video","8.1 secondary",16
share.pick.clean,"✓ CLEAN FILE FOR EVERY NETWORK · NO WATERMARKS","network sheet line (mono)",48
share.pick.also,"Also save to Photos","toggle",24
share.pick.cta,"Share to {n} networks","CTA",24
share.pick.cta0,"Pick a network","CTA disabled",16
share.pick.uses,"Uses 1 free export · {k} left after this","under CTA",44
share.pick.pro,"Pro · unlimited exports","under CTA",32
share.pick.toast,"Exported · saved to Photos","toast",28
share.explain.title,"Posting to {n} networks","explainer title",28
share.explain.1,"Cue opens each app","explainer 1",24
share.explain.1b,"Your video is already loaded and the post text is copied.","explainer 1 body",60
share.explain.2,"You post there","explainer 2",20
share.explain.2b,"Paste the text, pick the cover, tap Post.","explainer 2 body",48
share.explain.3,"Tap ◀ Cue to come back","explainer 3",28
share.explain.3b,"Top left of the screen. Cue takes you to the next network.","explainer 3 body",60
share.explain.cta,"Start with {network}","explainer CTA",24
share.step.title,"Post to {network}","queue step title",24
share.step.copied,"Caption copied · paste it in {app}","checklist",40
share.step.copyagain,"Copy again","link",12
share.step.captions,"Your captions are in the video · keep auto captions off","checklist",60
share.step.cover,"Cover frame 0:03","checklist",24
share.step.sheet,"In the share sheet, tap {app}","checklist, phase A",40
share.step.note,"After posting, tap ◀ Cue at the top left. We'll open {next} next.","highlight note",68
share.step.note.last,"After posting, tap ◀ Cue at the top left to finish.","highlight note, last step",60
share.step.send,"Send to {app}","primary, phase A",20
share.step.edit,"Edit first","secondary",12
share.step.later,"Post later","text",12
share.step.close.toast,"Saved · continue anytime","toast",28
share.posted.title,"Posted on {network}?","question",24
share.posted.body,"Welcome back. Cue lights its planet once it's live.","body",60
share.posted.no,"Not yet","glass",10
share.posted.yes,"Yes, it's live","yellow",16
share.continue.eyebrow,"CONTINUE POSTING · {i} OF {n}","card (mono)",32
share.continue.next,"Next: {network} · {title}","card",40
share.continue.cta,"Continue","card button",10
share.continue.toast,"Saved · post when you're ready","toast after ✕",32
share.sent.n,"SHARED TO {n} NETWORKS","8.2 (3 networks)",28
share.sent.one,"SHARED TO {NETWORK}","8.2 (1 network)",24
share.sent.sub,"On its way.","8.2 sub",16
share.later,"POST TO {NETWORK} LATER","6.3 under Share",28
universe.title,"Your universe","9.2",16
universe.shared,"{n} VIDEOS SHARED IN {year}","9.2 line (mono)",32
universe.sealed,"◆ SEALED · DEC 31, {year}","9.2 badge",28
universe.milestone,"NEXT MILESTONE · {n} / 25","9.2 card",28
universe.share,"Share my {year} universe","9.2 yellow button",28
universe.empty,"Your universe starts with your first share.","9.2 empty",48
universe.first,"FIRST STAR · 0 / 1","9.2 empty card",20
universe.record,"Record your first video","9.2 empty button",28
universe.pop.see,"See in Takes ›","popover action",16
universe.review,"Your {year} in review","row",28
universe.review.locked,"{n} VIDEOS TO UNLOCK","locked",24
universe.review.toast,"Share 3 videos to unlock it","toast",28
yir.1,"YOUR {year}","slide 1 (mono)",12
yir.2,"MAIN PLANET","slide 2",16
yir.3,"BEST MONTH","slide 3",16
yir.4,"LONGEST STREAK","slide 4",16
yir.5,"STRONGEST THEME","slide 5",20
yir.tap,"TAP TO CONTINUE","footer (mono)",20
yir.share,"Share my {year}","last slide button",20
profile.edit.title,"Edit Profile","sheet",16
profile.edit.footer,"Shown on the universe cards you share.","footer",44
profile.edit.error,"Use 2–24 letters, numbers, . or _","username error",40
profile.edit.toast,"Profile updated","toast",20
milestone.title,"A new icon is yours.","8.3",24
milestone.sub,"{n} videos in {year} · Deep Space icon unlocked","8.3",48
milestone.cta,"Use Deep Space","8.3",20
firststar.sub,"Saved in Takes. Share it to light your {year} universe.","1.7",60
topics.counter.0,PICK 1 TO 3 TOPICS,"1.2 counter, none picked",32
topics.counter.1,1 OF 3 · ADD MORE OR CONTINUE,"1.2 counter",40
topics.counter.2,2 OF 3 · ADD ONE MORE OR CONTINUE,"1.2 counter",40
topics.counter.3,3 OF 3 · TAP ONE TO SWAP,"1.2 counter, full",32
topics.continue.0,Pick a topic,"1.2 Continue disabled",16
topics.t1,Fitness & wellness,"1.2 chip",24
topics.t2,Food & cooking,"1.2 chip",24
topics.t3,Beauty & skincare,"1.2 chip",24
topics.t4,Fashion & style,"1.2 chip",24
topics.t5,Personal finance,"1.2 chip",24
topics.t6,Tech & AI,"1.2 chip",24
topics.t7,Budget travel,"1.2 chip",24
topics.t8,Productivity & career,"1.2 chip",24
topics.t9,Parenting & family,"1.2 chip",24
topics.t10,Morning routines,"1.2 chip",24
topics.own,+ Your own,"1.2 chip",16
voyage.cta.0,Choose a galaxy,"1.3 CTA disabled",20
voyage.cta,Head to {platform},"1.3 CTA",24
voyage.hint.tiktok,9:16 · IDEAL 1:00–1:30 · SAFE ZONES ON,"1.3 hint (mono)",44
voyage.hint.reels,9:16 · IDEAL 0:30–1:30 · SAFE ZONES ON,"1.3 hint, estimate",44
voyage.hint.shorts,9:16 · UP TO 3:00 · IDEAL 0:30–0:50 · SAFE ZONES ON,"1.3 hint, estimate",52
voyage.hint.youtube,16:9 · IDEAL 8:00–12:00 · SAFE ZONES OFF,"1.3 hint, estimate",44
voyage.hint.linkedin,1:1 · IDEAL 0:30–1:30 · SAFE ZONES OFF,"1.3 hint, estimate",44
voyage.pick.0,PICK ONE DESTINATION,"1.3 line above chips",40
voyage.pick.1,{PLATFORM} · TAP ANOTHER TO SWITCH,"1.3 line after choosing",40
first.eyebrow,CHAPTER 3 · YOUR FIRST MESSAGE,"1.4 eyebrow",34
first.title,Your first message to new worlds.,"1.4 title",40
first.sub,You will read it on the teleprompter.,"1.4 sub",60
first.writing,✦ WRITING YOUR MESSAGE,"1.4 chip while writing",28
first.ready,✦ READY FOR TIKTOK · 15S,"1.4 chip when ready",28
first.cta,Load in teleprompter,"1.4 primary (only action)",22
first.dest,DESTINATION · {PLATFORM},"1.4 console line (mono)",28
first.dur,15 S,"1.4 message length",6
first.capsule,MESSAGE READY FOR LAUNCH,"1.4 pill when written",28
first.slow.1,Taking a little longer…,"1.4 loading >6 s",28
first.slow.2,Your message is on its way.,"1.4 loading sub",40
first.slow.cta,Use a ready-made message,"1.4 loading >15 s",28
first.slow.toast,Message ready,"1.4 auto fallback >25 s",20
first.builtin,✦ READY · BUILT-IN,"1.4 chip with built-in message",28
practice.chip,✦ PRACTICE · NOT RECORDING,"1.6 chip",32
practice.start,TAP TO START,"1.6 under the play button",16
practice.ready,GET READY,"1.6 count-in label",12
practice.go,READ!,"1.6 after 1",8
practice.done.title,Nice. That's your teleprompter.,"1.6 card, finished",36
practice.done.sub,"Now do it for real, with your own text.","1.6 card, finished",44
practice.intro.title,A quick test run.,"1.6 intro title",24
practice.intro.1,"Read your message out loud, like a real take.","1.6 intro",56
practice.intro.2,Cue counts you in. Nothing is recorded.,"1.6 intro",48
